{"cameraMode":{"drawMode":0,"name":"Shaded","section":"Shading Mode"},"sceneLighting":false,"audioPlay":false,"sceneViewState":{"showFog":true,"showMaterialUpdate":false,"showSkybox":false,"showFlares":true,"showImageEffects":true,"showParticleSystems":true},"in2DMode":false,"pivot":{"x":5.960464477539063e-8,"y":9.100000381469727,"z":-51.91428756713867},"rotation":{"x":-0.01793791726231575,"y":0.7536988258361816,"z":-0.020588040351867677,"w":-0.6566557884216309},"size":2.584083318710327,"orthographic":false}