{"cameraMode":{"drawMode":0,"name":"Shaded","section":"Shading Mode"},"sceneLighting":true,"audioPlay":false,"sceneViewState":{"showFog":true,"showMaterialUpdate":false,"showSkybox":true,"showFlares":true,"showImageEffects":true,"showParticleSystems":true},"in2DMode":false,"pivot":{"x":946.0,"y":1741.300048828125,"z":-598.4000244140625},"rotation":{"x":0.1359240710735321,"y":-0.5341110825538635,"z":0.08741474151611328,"w":0.8298935294151306},"size":407.1275329589844,"orthographic":false}