{"cameraMode":{"drawMode":0,"name":"Shaded","section":"Shading Mode"},"sceneLighting":true,"audioPlay":false,"sceneViewState":{"showFog":true,"showMaterialUpdate":false,"showSkybox":true,"showFlares":true,"showImageEffects":true,"showParticleSystems":true},"in2DMode":false,"pivot":{"x":3.8976197242736818,"y":1.7987327575683594,"z":14.998519897460938},"rotation":{"x":0.010301802307367325,"y":0.9841475486755371,"z":-0.06090607866644859,"w":0.16633546352386475},"size":5.011190891265869,"orthographic":false}