{"cameraMode":{"drawMode":0,"name":"Shaded","section":"Shading Mode"},"sceneLighting":false,"audioPlay":false,"sceneViewState":{"showFog":false,"showMaterialUpdate":false,"showSkybox":false,"showFlares":true,"showImageEffects":true,"showParticleSystems":true},"in2DMode":false,"pivot":{"x":9.5367431640625e-7,"y":9.100000381469727,"z":-52.0428466796875},"rotation":{"x":0.1646757572889328,"y":0.1262402981519699,"z":-0.021240776404738427,"w":0.978024423122406},"size":3.4781241416931154,"orthographic":false}