{"cameraMode":{"drawMode":0,"name":"Shaded","section":"Shading Mode"},"sceneLighting":true,"audioPlay":false,"sceneViewState":{"showFog":true,"showMaterialUpdate":false,"showSkybox":true,"showFlares":true,"showImageEffects":true,"showParticleSystems":true},"in2DMode":false,"pivot":{"x":-5.2918806076049809,"y":-8.42794418334961,"z":4.589784145355225},"rotation":{"x":0.27211058139801028,"y":-0.44197967648506167,"z":0.1427055150270462,"w":0.8427727222442627},"size":27.448144912719728,"orthographic":false}