{"cameraMode":{"drawMode":0,"name":"Shaded","section":"Shading Mode"},"sceneLighting":true,"audioPlay":false,"sceneViewState":{"showFog":false,"showMaterialUpdate":false,"showSkybox":true,"showFlares":true,"showImageEffects":true,"showParticleSystems":true},"in2DMode":false,"pivot":{"x":1559.2373046875,"y":-812.9747314453125,"z":-1208.51318359375},"rotation":{"x":-0.21792040765285493,"y":-0.6239979267120361,"z":0.1870914250612259,"w":-0.7267686724662781},"size":1654.21044921875,"orthographic":false}