{"cameraMode":{"drawMode":0,"name":"Shaded","section":"Shading Mode"},"sceneLighting":true,"audioPlay":false,"sceneViewState":{"showFog":false,"showMaterialUpdate":false,"showSkybox":true,"showFlares":true,"showImageEffects":true,"showParticleSystems":true},"in2DMode":false,"pivot":{"x":10.471964836120606,"y":6.387613773345947,"z":65.89403533935547},"rotation":{"x":0.12783260643482209,"y":-0.19710545241832734,"z":0.025945479050278665,"w":0.9716852307319641},"size":2458.29248046875,"orthographic":false}