{"cameraMode":{"drawMode":0,"name":"Shaded","section":"Shading Mode"},"sceneLighting":true,"audioPlay":false,"sceneViewState":{"showFog":false,"showMaterialUpdate":false,"showSkybox":true,"showFlares":true,"showImageEffects":true,"showParticleSystems":true},"in2DMode":false,"pivot":{"x":10.492012023925782,"y":5.4915771484375,"z":65.66802978515625},"rotation":{"x":-0.16657622158527375,"y":-0.20970959961414338,"z":0.03625516965985298,"w":-0.9628077149391174},"size":2432.6123046875,"orthographic":false}