{"cameraMode":{"drawMode":0,"name":"Shaded","section":"Shading Mode"},"sceneLighting":true,"audioPlay":false,"sceneViewState":{"showFog":true,"showMaterialUpdate":false,"showSkybox":true,"showFlares":true,"showImageEffects":true,"showParticleSystems":true},"in2DMode":false,"pivot":{"x":-5.339511871337891,"y":-3.176362991333008,"z":11.17919921875},"rotation":{"x":0.27211058139801028,"y":-0.44197967648506167,"z":0.1427055150270462,"w":0.8427727222442627},"size":57.90070343017578,"orthographic":false}