{"cameraMode":{"drawMode":0,"name":"Shaded","section":"Shading Mode"},"sceneLighting":true,"audioPlay":false,"sceneViewState":{"showFog":false,"showMaterialUpdate":false,"showSkybox":true,"showFlares":true,"showImageEffects":true,"showParticleSystems":true},"in2DMode":false,"pivot":{"x":10.624837875366211,"y":6.387616157531738,"z":65.95870971679688},"rotation":{"x":-0.16657622158527375,"y":-0.20970959961414338,"z":0.03625516965985298,"w":-0.9628077149391174},"size":192.55238342285157,"orthographic":false}
