{"cameraMode":{"drawMode":0,"name":"Shaded","section":"Shading Mode"},"sceneLighting":true,"audioPlay":false,"sceneViewState":{"showFog":true,"showMaterialUpdate":false,"showSkybox":true,"showFlares":true,"showImageEffects":true,"showParticleSystems":true},"in2DMode":false,"pivot":{"x":1255.1619873046875,"y":1425.107666015625,"z":-571.2034301757813},"rotation":{"x":0.011903776787221432,"y":-0.6095017790794373,"z":0.009124824777245522,"w":0.7926622629165649},"size":175.21388244628907,"orthographic":false}