{"cameraMode":{"drawMode":0,"name":"Shaded","section":"Shading Mode"},"sceneLighting":true,"audioPlay":false,"sceneViewState":{"showFog":true,"showMaterialUpdate":false,"showSkybox":true,"showFlares":true,"showImageEffects":true,"showParticleSystems":true},"in2DMode":false,"pivot":{"x":934.0800170898438,"y":1669.6199951171875,"z":-583.780029296875},"rotation":{"x":-0.08317861706018448,"y":0.7694050669670105,"z":-0.10239750146865845,"w":-0.6249912977218628},"size":4.189330577850342,"orthographic":false}